<keymap version="1" name="macOS copy" parent="Mac OS X 10.5+">
  <action id="Arrangement.Rule.Add">
    <keyboard-shortcut first-keystroke="meta n" />
  </action>
  <action id="Back">
    <keyboard-shortcut first-keystroke="shift ctrl a" />
  </action>
  <action id="CIDR.Lang.SwitchHeaderSource">
    <keyboard-shortcut first-keystroke="ctrl z" />
  </action>
  <action id="ChangesView.GroupBy.Directory" />
  <action id="CloseContent">
    <keyboard-shortcut first-keystroke="ctrl q" />
  </action>
  <action id="CollapseAllRegions">
    <keyboard-shortcut first-keystroke="shift ctrl minus" />
  </action>
  <action id="CollapseRegion">
    <keyboard-shortcut first-keystroke="ctrl minus" />
  </action>
  <action id="CollapseRegionRecursively">
    <keyboard-shortcut first-keystroke="shift alt minus" />
  </action>
  <action id="CommentByBlockComment">
    <keyboard-shortcut first-keystroke="shift ctrl slash" />
  </action>
  <action id="CommentByLineComment">
    <keyboard-shortcut first-keystroke="ctrl slash" />
  </action>
  <action id="Debug">
    <keyboard-shortcut first-keystroke="shift ctrl d" />
  </action>
  <action id="DebugClass" />
  <action id="EditorCompleteStatement">
    <keyboard-shortcut first-keystroke="ctrl enter" />
  </action>
  <action id="EditorLineEnd">
    <keyboard-shortcut first-keystroke="end" />
    <keyboard-shortcut first-keystroke="meta right" />
  </action>
  <action id="EditorLineStart">
    <keyboard-shortcut first-keystroke="home" />
    <keyboard-shortcut first-keystroke="meta left" />
  </action>
  <action id="EditorRight">
    <keyboard-shortcut first-keystroke="right" />
  </action>
  <action id="EditorUnindentSelection" />
  <action id="EditorUp">
    <keyboard-shortcut first-keystroke="up" />
  </action>
  <action id="ExpandAllRegions">
    <keyboard-shortcut first-keystroke="shift ctrl equals" />
  </action>
  <action id="ExpandRegion">
    <keyboard-shortcut first-keystroke="ctrl equals" />
  </action>
  <action id="ExpandRegionRecursively">
    <keyboard-shortcut first-keystroke="shift alt equals" />
  </action>
  <action id="FileStructurePopup">
    <keyboard-shortcut first-keystroke="ctrl f" />
    <keyboard-shortcut first-keystroke="ctrl x" />
  </action>
  <action id="FindUsages">
    <keyboard-shortcut first-keystroke="shift ctrl s" />
  </action>
  <action id="Generate">
    <keyboard-shortcut first-keystroke="meta n" />
  </action>
  <action id="GotoAction">
    <keyboard-shortcut first-keystroke="shift ctrl meta a" />
  </action>
  <action id="GotoDeclaration">
    <keyboard-shortcut first-keystroke="shift ctrl x" />
  </action>
  <action id="GotoImplementation">
    <keyboard-shortcut first-keystroke="shift ctrl c" />
  </action>
  <action id="GotoTypeDeclaration">
    <keyboard-shortcut first-keystroke="shift ctrl v" />
  </action>
  <action id="Jdbc.RunSqlScript" />
  <action id="List-selectNextColumn">
    <keyboard-shortcut first-keystroke="right" />
  </action>
  <action id="NavBar-selectEnd">
    <keyboard-shortcut first-keystroke="end" />
    <keyboard-shortcut first-keystroke="meta right" />
  </action>
  <action id="NewElement">
    <keyboard-shortcut first-keystroke="meta n" />
  </action>
  <action id="NextTab">
    <keyboard-shortcut first-keystroke="ctrl semicolon" />
  </action>
  <action id="ParameterInfo">
    <keyboard-shortcut first-keystroke="ctrl p" />
  </action>
  <action id="PreviousTab">
    <keyboard-shortcut first-keystroke="ctrl l" />
  </action>
  <action id="PreviousTemplateVariable" />
  <action id="QuickJavaDoc">
    <keyboard-shortcut first-keystroke="f1" />
    <mouse-shortcut keystroke="control button2" />
  </action>
  <action id="RecentFiles">
    <keyboard-shortcut first-keystroke="ctrl e" />
  </action>
  <action id="RemoteHost.NewRemoteItem">
    <keyboard-shortcut first-keystroke="meta n" />
  </action>
  <action id="RenameElement">
    <keyboard-shortcut first-keystroke="alt r" />
  </action>
  <action id="Run">
    <keyboard-shortcut first-keystroke="shift ctrl r" />
  </action>
  <action id="RunClass" />
  <action id="RunDashboard.Debug" />
  <action id="RunDashboard.Run" />
  <action id="ServiceView.GroupByServiceGroups" />
  <action id="ShowNavBar">
    <keyboard-shortcut first-keystroke="shift ctrl z" />
  </action>
  <action id="SurroundWith">
    <keyboard-shortcut first-keystroke="shift ctrl w" />
  </action>
  <action id="Table-selectNextColumn">
    <keyboard-shortcut first-keystroke="right" />
  </action>
  <action id="TodoViewGroupByFlattenPackage" />
  <action id="TodoViewGroupByShowPackages" />
  <action id="context.clear" />
  <action id="tasks.open.in.browser" />
</keymap>